supplier_id,profile,generic,aware_gold_terms,aware_extracted_terms,penalty_eur_gold
S001,reliable,96.58,95.73,37.5,245.65
S002,quality_drift,81.57,64.95,64.95,
S003,reliable,97.92,96.35,97.08,165.64
S004,slightly_late,85.83,87.78,87.78,2185.71
S005,slightly_late,84.95,78.49,100.0,3074.59
S006,reliable,97.22,97.22,100.0,
S007,price_creep,82.84,78.47,100.0,
S008,chronic_late,68.57,60.71,50.0,51132.65
S009,reliable,95.0,95.0,50.0,
S010,reliable,89.98,96.91,96.13,208.9
S011,ignores_amendment,98.26,54.32,96.51,7144.69
S012,reliable,90.16,98.17,100.0,59.31
S013,erratic,81.16,81.16,50.0,7315.94
S014,slightly_late,86.08,82.71,0.0,6243.07
S015,ignores_amendment,97.26,51.91,95.98,132105.45
S016,slightly_late,86.05,72.11,100.0,7724.75
S017,chronic_late,64.71,55.88,55.88,
S018,price_creep,81.78,94.14,98.7,1732.87
S019,erratic,87.97,84.52,51.83,17723.28
S020,erratic,79.28,79.28,100.0,34090.63
S021,slightly_late,86.11,82.34,49.76,949.77
S022,price_creep,81.34,78.27,100.0,1012.07
S023,reliable,98.35,96.09,28.52,1379.75
S024,erratic,78.98,82.61,82.61,7770.66
S025,ignores_amendment,98.18,64.05,96.9,36496.58
S026,reliable,97.83,97.83,100.0,241.23
S027,reliable,96.67,98.53,100.0,94.81
S028,reliable,94.22,96.72,96.72,618.71
S029,quality_drift,85.13,76.3,26.0,
S030,slightly_late,86.5,86.2,29.7,14331.62
S031,price_creep,78.42,74.08,92.6,1512.88
S032,quality_drift,87.33,95.33,94.17,2409.17
S033,chronic_late,68.41,66.98,66.98,47514.83
S034,reliable,98.09,97.61,97.61,4050.36
S035,quality_drift,85.93,98.18,0.0,1034.56
S036,reliable,99.32,99.32,99.15,82.3
S037,reliable,98.45,98.45,50.0,319.56
S038,erratic,83.33,79.17,100.0,6848.0
S039,reliable,98.18,98.18,37.5,939.3
S040,chronic_late,67.69,69.65,69.65,31311.82
